file,label,hw_digit,hw_conf,golden_digit,golden_conf
0_20261008_080015.png,0,0,255,0,255
1_20261008_080031.png,1,1,166,1,166
2_20261008_080039.png,2,2,223,2,223
3_20261008_080046.png,3,3,87,3,87
4_20261008_080058.png,4,4,70,4,70
5_20261008_080104.png,5,5,90,5,90
6_20261008_080110.png,6,6,255,6,255
7_20261008_080120.png,7,7,124,7,124
8_20261008_080131.png,8,6,31,6,31
9_20261008_080145.png,9,9,179,9,179
0_20261008_080333.png,0,0,138,0,138
1_20261008_080338.png,1,1,70,1,70
2_20261008_080343.png,2,2,142,2,142
3_20261008_080348.png,3,3,255,3,255
4_20261008_080358.png,4,9,51,9,51
5_20261008_080406.png,5,5,37,5,37
6_20261008_080412.png,6,5,63,5,63
7_20261008_080418.png,7,7,255,7,255
8_20261008_080423.png,8,8,67,8,67
9_20261008_080430.png,9,3,23,3,23
0_20261008_080440.png,0,0,255,0,255
1_20261008_080448.png,1,1,93,1,93
2_20261008_080454.png,2,2,116,2,116
3_20261008_080501.png,3,3,255,3,255
4_20261008_080512.png,4,4,27,4,27
5_20261008_080526.png,5,5,243,5,243
6_20261008_080541.png,6,8,39,8,39
7_20261008_080546.png,7,7,255,7,255
8_20261008_080552.png,8,8,255,8,255
9_20261008_080603.png,9,9,255,9,255
0_20261008_080617.png,0,0,206,0,206
1_20261008_080624.png,1,1,55,1,55
2_20261008_080630.png,2,2,53,2,53
3_20261008_080639.png,3,3,185,3,185
4_20261008_080646.png,4,9,7,9,7
5_20261008_080656.png,5,5,223,5,223
6_20261008_080700.png,6,8,29,8,29
7_20261008_080705.png,7,7,174,7,174
8_20261008_080711.png,8,8,183,8,183
9_20261008_080716.png,9,9,177,9,177
0_20261008_080726.png,0,8,51,8,51
1_20261008_080738.png,1,3,4,3,4
2_20261008_080742.png,2,2,23,2,23
3_20261008_080747.png,3,3,255,3,255
4_20261008_080754.png,4,9,95,9,95
5_20261008_080800.png,5,5,255,5,255
6_20261008_080805.png,6,8,77,8,77
7_20261008_080812.png,7,7,188,7,188
8_20261008_080817.png,8,8,226,8,226
9_20261008_080838.png,9,3,33,3,33
0_20261008_080843.png,0,0,66,0,66
1_20261008_080850.png,1,1,84,1,84
2_20261008_080856.png,2,2,64,2,64
3_20261008_080900.png,3,3,255,3,255
4_20261008_080908.png,4,4,85,4,85
5_20261008_080922.png,5,5,207,5,207
6_20261008_080926.png,6,5,125,5,125
7_20261008_080930.png,7,7,190,7,190
8_20261008_080935.png,8,8,215,8,215
9_20261008_081102.png,9,9,186,9,186
0_20261008_081107.png,0,0,255,0,255
1_20261008_081112.png,1,1,127,1,127
2_20261008_081116.png,2,2,125,2,125
3_20261008_081122.png,3,3,255,3,255
4_20261008_081127.png,4,9,58,9,58
5_20261008_081130.png,5,5,217,5,217
6_20261008_081134.png,6,5,58,5,58
7_20261008_081139.png,7,7,199,7,199
8_20261008_081145.png,8,8,149,8,149
9_20261008_081149.png,9,9,171,9,171
0_20261008_081205.png,0,0,255,0,255
1_20261008_081210.png,1,1,167,1,167
2_20261008_081214.png,2,5,24,5,24
3_20261008_081219.png,3,3,165,3,165
4_20261008_081223.png,4,4,147,4,147
5_20261008_081228.png,5,5,212,5,212
6_20261008_081233.png,6,6,11,6,11
7_20261008_081238.png,7,7,134,7,134
8_20261008_081243.png,8,8,204,8,204
9_20261008_081247.png,9,9,66,9,66
0_20261008_081255.png,0,0,255,0,255
1_20261008_081304.png,1,1,198,1,198
2_20261008_081308.png,2,2,255,2,255
3_20261008_081313.png,3,3,145,3,145
4_20261008_081318.png,4,9,149,9,149
5_20261008_081323.png,5,5,255,5,255
6_20261008_081328.png,6,5,87,5,87
7_20261008_081332.png,7,7,203,7,203
8_20261008_081338.png,8,8,255,8,255
9_20261008_081353.png,9,9,52,9,52
0_20261008_081359.png,0,0,255,0,255
1_20261008_081404.png,1,1,84,1,84
2_20261008_081415.png,2,2,156,2,156
3_20261008_081421.png,3,3,255,3,255
4_20261008_081426.png,4,4,188,4,188
5_20261008_081431.png,5,5,255,5,255
6_20261008_081436.png,6,5,144,5,144
7_20261008_081443.png,7,7,196,7,196
8_20261008_081450.png,8,8,29,8,29
9_20261008_081456.png,9,9,47,9,47
0_20261008_081504.png,0,0,255,0,255
1_20261008_081508.png,1,1,80,1,80
2_20261008_081512.png,2,2,218,2,218
3_20261008_081516.png,3,3,250,3,250
4_20261008_081521.png,4,9,129,9,129
5_20261008_081525.png,5,6,18,6,18
6_20261008_081529.png,6,5,15,5,15
7_20261008_081533.png,7,7,80,7,80
8_20261008_081539.png,8,6,124,6,124
9_20261008_081544.png,9,9,189,9,189
0_20261008_081548.png,0,0,255,0,255
1_20261008_081552.png,1,1,223,1,223
2_20261008_081555.png,2,2,252,2,252
3_20261008_081559.png,3,3,255,3,255
4_20261008_081605.png,4,9,107,9,107
5_20261008_081609.png,5,2,25,2,25
6_20261008_081613.png,6,6,37,6,37
7_20261008_081618.png,7,7,150,7,150
8_20261008_081625.png,8,8,255,8,255
9_20261008_081630.png,9,9,29,9,29
0_20261008_081635.png,0,0,255,0,255
1_20261008_081640.png,1,1,254,1,254
2_20261008_081644.png,2,2,134,2,134
3_20261008_081648.png,3,3,255,3,255
4_20261008_081654.png,4,9,123,9,123
5_20261008_081701.png,5,5,75,5,75
6_20261008_081714.png,6,5,40,5,40
7_20261008_081719.png,7,7,202,7,202
8_20261008_081736.png,8,8,136,8,136
9_20261008_081745.png,9,9,81,9,81
0_20261008_081750.png,0,0,40,0,40
1_20261008_081821.png,1,2,2,2,2
2_20261008_081825.png,2,2,172,2,172
3_20261008_081830.png,3,3,255,3,255
4_20261008_081834.png,4,4,96,4,96
5_20261008_081839.png,5,5,191,5,191
6_20261008_081844.png,6,2,29,2,29
7_20261008_081848.png,7,7,180,7,180
8_20261008_081853.png,8,8,97,8,97
9_20261008_081858.png,9,9,254,9,254
